<?xml version="1.0" encoding="utf-8"?>
<content id="ws_232edeccs" name="Mission: Santa" description="Mission: Santa" author="Werit" version="1" date="2019-11-25" save="0" sync="false" lastupdate="1574702131">
  <text language="7" name="Mission: Santa" description="Mission: Santa" author="Werit"/>
  <text language="33" name="Mission: Santa" description="Mission: Santa" author="Werit"/>
  <text language="34" name="Mission: Santa" description="Mission: Santa" author="Werit"/>
  <text language="39" name="Mission: Santa" description="Mission: Santa" author="Werit"/>
  <text language="44" name="Mission: Santa" description="Mission: Santa" author="Werit"/>
  <text language="49" name="Mission: Santa" description="Mission: Santa" author="Werit"/>
  <text language="55" name="Mission: Santa" description="Mission: Santa" author="Werit"/>
  <text language="81" name="Mission: Santa" description="Mission: Santa" author="Werit"/>
  <text language="82" name="Mission: Santa" description="Mission: Santa" author="Werit"/>
  <text language="86" name="Mission: Santa" description="Mission: Santa" author="Werit"/>
  <text language="88" name="Mission: Santa" description="Mission: Santa" author="Werit"/>
</content>
